name;priceU;salePriceU;sale;isNew;
Намазник, Хиджаб, Мусульманское платье;4000;2800;30%;OLD
Телескоп детский Млечный путь;4314;2157;50%;OLD
Мусульманское платье, Намазник, Хиджаб;4000;2800;30%;OLD
Мусульманское платье, Намазник, Хиджаб;4200;2520;40%;NEW
Игра настольная карточная Пит;2445;1222;50%;OLD
Настольная игра Волшебник Изумрудного города;6276;3138;50%;OLD
Платье;4000;1600;60%;OLD
Игра Джуманджи Испытание;8427;7584;10%;OLD
Намазник, Хиджаб, Мусульманское платье;4000;2800;30%;OLD
Намазник, Хиджаб, Мусульманское платье;4000;2800;30%;OLD
Елочные украшения / Игрушка елочная Верхушка на елку Золотая звезда 9.5x4.4x15.5см;1024;614;40%;OLD
Намазник, Хиджаб, Мусульманское платье;4000;2800;30%;OLD
Мусульманское платье, Намазник, Хиджаб;4000;2800;30%;OLD
Мусульманское платье, Намазник, Хиджаб;4000;2800;30%;OLD
Держатель кухонный металл;1080;648;40%;OLD
Платье;4000;1600;60%;OLD
Елочные украшения;875;131;85%;OLD
Наклейки интерьерные / Украшение новогоднее на окно Дед Мороз в санях 30x38см;617;277;55%;OLD
Елочное украшение;950;332;65%;OLD
Кружка стекло;1050;630;40%;OLD
Елочное украшение;860;215;75%;OLD
Мусульманское платье, Намазник, Хиджаб;4000;2800;30%;OLD
Мешки для мусора/для ПНД 60л 60х80см 10мкм черные 25шт/уп;404;169;58%;OLD
Автозапчасть;0;2589;0%;OLD
Мусульманское платье Намазник Хиджаб;4350;2610;40%;NEW
Мусульманское платье Намазник Хиджаб;4350;2610;40%;NEW
Мусульманское платье Намазник Хиджаб;4350;2610;40%;NEW
Мусульманское платье Намазник Хиджаб;4350;2610;40%;NEW
Мусульманское платье Намазник Хиджаб;4200;2520;40%;NEW
Мусульманское платье, Намазник, Хиджаб;4200;2520;40%;NEW
Мусульманское платье Намазник Хиджаб;4200;2520;40%;NEW
Мусульманское платье, Намазник, Хиджаб;4200;2520;40%;NEW
Мусульманское платье, Намазник, Хиджаб;4200;2520;40%;NEW
Мусульманское платье Намазник Хиджаб;4200;2520;40%;NEW
Мусульманское платье Намазник Хиджаб;4200;2520;40%;NEW
Полоса для разметки ПЭТ СОБЛЮДАЙ ДИСТАНЦИЮ - БЕРЕГИ ЗДОРОВЬЕ синий, зеленый, красный, желтый 5 шт/уп;3759;2255;40%;OLD
Платье;4000;1600;60%;OLD
Настольная игра Игра Десятое королевство Baby Toys Денежка без сдачи;1445;939;35%;OLD
Расческа;0;871;0%;OLD
Елочные украшения;1446;867;40%;OLD
Форма для запекания;3300;825;75%;OLD
Настольная игра Магнитная игра в дорогу Бигр Город профессий развивающая обучающая игра;1470;808;45%;OLD
Терки / Терка овальная ручка, нержавеющий металл;1233;739;40%;OLD
Игра-ходилка Каникулы в Простоквашино;745;596;20%;OLD
Метлы садовые / Метла пластиковая плоская с металлической ручкой 130см;2208;552;75%;OLD
Настольная игра Мемо Весь мир;926;509;45%;OLD
Елочные украшения;749;449;40%;OLD
Настольная игра настольная игра;1185;414;65%;OLD
Форма для запекания;1425;356;75%;OLD
Коврик тефлоновый многоразовый 33х40 см;1350;337;75%;OLD
Форма для запекания;1335;333;75%;OLD
Контейнеры из полимеров пищевой контейнер / Одноразовый контейнер для лапши / с крышкой;2156;323;85%;OLD
Салатник;1255;313;75%;OLD
Бомбочка-голова единорога Розовое чудо;830;290;65%;OLD
Одноразовая посуда 19 шт.;1710;256;85%;OLD
Форма для запекания;980;245;75%;OLD
Лопатка кухонная;850;212;75%;OLD
Тапочки одноразовые Стандарт для душа/бассейна ПВХ, открытый мыс, Эва 3мм;468;210;55%;OLD
Одноразовая посуда бумажные стаканчики / 18 шт.;1376;206;85%;OLD
Скобы для степлера/для N10 никелированные (2-20 лист.) 1000 шт в упаковке;200;180;10%;OLD
Тканевая маска для лица 3W Clinic с экстрактом женьшеня, 23 мл;700;175;75%;OLD
Тканевая маска для лица 3W CLINIC с лимоном, 23 мл;700;175;75%;OLD
Одноразовая посуда 100 шт.;1159;173;85%;OLD
Мешки для мусора/для ПНД 60л 8мкм 40шт/рул черный 60х80см;457;164;64%;OLD
Тканевая маска для лица 3W CLINIC с зелёным чаем, 23 мл;650;162;75%;OLD
Изолента/синяя ПВХ 25мм х 10м 6 шт/уп;741;140;81%;OLD
Елочные украшения;771;138;82%;OLD
Разделочная доска бук;1845;1107;40%;OLD
Колготки;2300;1035;55%;OLD
Тапочки одноразовые Бюджет Спанбонд, открытый мыс, спанбонд 80 гр/м2, картон;430;258;40%;OLD
Контейнеры из полимеров;875;306;65%;OLD
Форма для выпечки хлеба Fast Forma 21х10 см, литой алюминий;3630;1996;45%;OLD
Альбом-игра Корвет Чудо кубики-1 Корвет;1295;1165;10%;OLD
Светильник / Сувенир декоративный Часы с эффектом снегопада;6465;969;85%;OLD
Набор бумажной посуды С Днём рождения, неон, 6 тарелок, 6 стаканов, 1 гирлянда;2420;605;75%;OLD
Набор бумажной посуды Happy birthday, 6 тарелок, 6 стаканов, 1 гирлянда;2420;605;75%;OLD
Полоса для разметки ПЭТ СОБЛЮДАЙ ДИСТАНЦИЮ - БЕРЕГИ ЗДОРОВЬЕ синий, зеленый, красный, желтый 5 шт/уп;3759;563;85%;OLD
Турка стальная Red Marmol, 800 мл, антипригарное покрытие, индукция;2688;403;85%;OLD
Ценник / Табличка для надписей черная, А6, 20шт/уп;2082;312;85%;OLD
Елочные украшения;1205;301;75%;OLD
Статуэтка пластик;1321;198;85%;OLD
Лопатка кухонная;760;190;75%;OLD
Автозапчасть;1112;1000;10%;OLD
Игра логическая Куб-IQ;7701;3850;50%;OLD
Настольная игра Странометр Города России;1449;796;45%;OLD
Воздушные шарики 1 шт.;819;286;65%;OLD
Фильтр топливный 8421230000;2215;2082;6%;OLD
Автозапчасть FT94093;7180;3590;50%;OLD
Автозапчасть FT44553;1932;966;50%;OLD
Автозапчасть FT61325;1132;566;50%;OLD
Автозапчасть FT61325;1132;566;50%;OLD
Автозапчасть;1132;566;50%;OLD
Автозапчасть FT61325;1132;566;50%;OLD
Автозапчасть FT61325;1132;566;50%;OLD
Автозапчасть FT13071;496;248;50%;OLD
Настольная игра Магнитный лабиринт Океан;6387;3193;50%;OLD
ИГРА НАСТОЛЬНАЯ ОТВЕТЬ ЗА 5 СЕКУНД ДЕТСКАЯ МИНИ;1750;875;50%;OLD
Настольная игра Игра настольная Монополия КХЛ;8922;4461;50%;OLD
Фильтр масляный 8GM002092-121;475;403;15%;OLD
Игра настольная Фиксики Большой секрет;5945;2972;50%;OLD
Настольная игра Scrabble Travel Refresh;5581;2790;50%;OLD
Ель заснеженная 185 см., 312 LED ламп, литая хвоя+пвх;104970;52485;50%;NEW
Автозапчасть 32179;0;33397;0%;NEW
Автозапчасть 32191;0;31299;0%;NEW
Автозапчасть 32190;0;28518;0%;NEW
Зеркало автомобильное;0;25968;0%;NEW
Елка новогодняя Фиолетовая напольная 210 см;51552;25776;50%;NEW
Автозапчасть 32106;0;19825;0%;NEW
Автозапчасть 32150;0;17885;0%;NEW
FT88332 Зеркало правое в сборе  Iveco Daily VSN700;0;16477;0%;NEW
Автозапчасть 32178;0;15233;0%;NEW
Сцепление в сборе 8708939009;0;15074;0%;OLD
Автозапчасть 32151;0;14639;0%;NEW
Автозапчасть 62257;0;14236;0%;NEW
Автозапчасть 74215;0;14120;0%;NEW
Опора стойки;0;13266;0%;NEW
Автозапчасть 24048;0;13159;0%;NEW
Автозапчасть 13516;0;13091;0%;NEW
Зеркало автомобильное;0;11804;0%;NEW
Автозапчасть 56543;0;10815;0%;NEW
Автозапчасть 32107;0;10660;0%;NEW
Автозапчасть 55067;0;10262;0%;NEW
Автозапчасть 24046;0;9951;0%;NEW
Помпа автомобильная;0;8976;0%;NEW
Фильтр воздушный;0;8323;0%;NEW
Маслоохладитель автомобильный;0;8095;0%;OLD
Автозапчасть;7849;7378;6%;OLD
Тормозной диск автомобильный;0;7338;0%;NEW
Амортизатор автомобильный;0;7160;0%;OLD
Автозапчасть 56166;0;7055;0%;NEW
Автозапчасть 56532;0;7055;0%;NEW
Тормозной диск автомобильный;0;7013;0%;NEW
Амортизатор автомобильный 8708803509;7239;6877;5%;OLD
Тормозной диск автомобильный;0;6359;0%;NEW
Тормозной диск автомобильный;0;6253;0%;NEW
Термостат двигателя 9032108900;0;6194;0%;OLD
Фонарь автомобильный;0;6183;0%;NEW
Фонарь автомобильный;0;6139;0%;NEW
Тормозной диск автомобильный;0;5884;0%;NEW
Игра настольная Шахматы Делюкс;11517;5758;50%;OLD
Автозапчасть 82803;0;5704;0%;NEW
Гирлянды / Электрогирлянда Еловый шлейф с ягодами 1.8 м, 30 LED;10502;5251;50%;OLD
Трапеция стеклоочистителя FT82821 Мотор стеклоочистителя;0;5212;0%;OLD
Елка/Искусственная 60 см., 100% литая хвоя;10200;5100;50%;NEW
Гирлянда хвойная новогодняя 270х30 см;10089;5044;50%;NEW
Опора двигателя 8708809909;0;5018;0%;OLD
Сцепление в сборе;0;5011;0%;NEW
Автозапчасть 49379;0;4929;0%;NEW
Термостат двигателя;0;4901;0%;NEW
Автозапчасть 55275;0;4828;0%;NEW
Автозапчасть 56554;0;4713;0%;NEW
Автозапчасть 90756;0;4655;0%;NEW
Амортизатор автомобильный;0;4422;0%;NEW
Автозапчасть 90693;0;4342;0%;NEW
Колодки автомобильные 8708309109;4393;4173;5%;OLD
Колодки автомобильные;0;4134;0%;NEW
Линза в фару 7014000000;0;4071;0%;OLD
Ель искусственная высота 60 см;8065;4032;50%;NEW
Автозапчасть 90745;0;3985;0%;NEW
Фонарь автомобильный;0;3953;0%;NEW
Автозапчасть 61227;0;3947;0%;NEW
Колодки автомобильные;0;3874;0%;NEW
Автозапчасть 95445;0;3860;0%;NEW
Автозапчасть 735589786;0;3841;0%;NEW
Настольная игра Пятница;7540;3770;50%;OLD
FT87084 Фонарь противотуманный левый  Fiat Ducato 06-14;0;3719;0%;NEW
Автозапчасть 95512;0;3693;0%;NEW
Автозапчасть 95371;0;3674;0%;NEW
Автозапчасть 90744;0;3555;0%;NEW
Опора стойки 8708809909;0;3549;0%;OLD
Амортизатор для капота;0;3495;0%;NEW
Сцепление в сборе;0;3459;0%;NEW
Настольная игра Скажи иначе Вечеринка 2;6720;3360;50%;OLD
Автозапчасть;3494;3319;5%;OLD
Автозапчасть 73009;0;3291;0%;NEW
Колодки автомобильные;0;3244;0%;NEW
Колодки автомобильные FT29135;3403;3232;5%;OLD
Стойки стабилизатора;0;3224;0%;NEW
Автозапчасть 90526;0;3219;0%;NEW
Игра развивающая 1000 вопросов;6345;3172;50%;OLD
Электрогирлянда Тающие сосульки 8шт х 50см шаг 50см белый;6289;3144;50%;NEW
Автозапчасть 95310;0;3135;0%;NEW
Автозапчасть 90747;0;3131;0%;NEW
Колодки автомобильные 8708309109;3287;3122;5%;OLD
Развивающая игра Гномы в колпачках с шаром и кроватками;6012;3006;50%;OLD
Колодки автомобильные FT30024 Колодки тормоза;0;2959;0%;OLD
Автозапчасть 32271;0;2954;0%;NEW
Термостат двигателя;0;2940;0%;NEW
Автозапчасть 95441;0;2810;0%;NEW
Автозапчасть 95064;0;2750;0%;NEW
Опора стойки;0;2737;0%;NEW
Автозапчасть FT38076;0;2690;0%;OLD
Френч-пресс стекло;5336;2668;50%;OLD
Сайлентблоки;0;2663;0%;OLD
Автозапчасть 28101;0;2631;0%;NEW
Шаровые опоры;0;2546;0%;NEW
Автозапчасть 90762;0;2542;0%;NEW
Автозапчасть 95408;0;2496;0%;NEW
Автозапчасть 32513;0;2493;0%;NEW
Фильтр воздушный;2932;2492;15%;NEW
Автозапчасть;0;2490;0%;OLD
Игра Головоломка Кубик Рубика 4х4;4947;2473;50%;OLD
Игра Головоломка Race Рубика;4947;2473;50%;OLD
Автозапчасть 94159;0;2401;0%;NEW
Автозапчасть 90746;0;2396;0%;NEW
Зеркало автомобильное;0;2336;0%;NEW
Автозапчасть 95381;0;2307;0%;NEW
Автозапчасть 90527;0;2229;0%;NEW
Автозапчасть;0;2181;0%;OLD
Сырница бамбук;4250;2125;50%;OLD
Автозапчасть;0;2121;0%;OLD
Автозапчасть;0;2087;0%;OLD
Трос КПП;0;2071;0%;NEW
Автозапчасть 46723713;0;2061;0%;NEW
Автозапчасть 95433;0;2054;0%;NEW
Автозапчасть;0;2050;0%;OLD
Дорожная игра Угадай, кто?;3995;1997;50%;OLD
Елка;3981;1990;50%;OLD
Автозапчасть;0;1989;0%;OLD
Автозапчасть;0;1958;0%;OLD
Автозапчасть 59010;0;1932;0%;NEW
Автозапчасть FT32420 Планка стяжная колодок ручника;0;1889;0%;OLD
Книга Магнитная Изучаем цвета;3765;1882;50%;OLD
Конструктор 42 элемента;2750;1870;32%;OLD
Автозапчасть FT80506 Датчик ABS зад.Fiat Ducato;1883;1788;5%;OLD
Щетка стеклоочистителя;2104;1788;15%;NEW
Автозапчасть 59100;0;1784;0%;NEW
Наконечники рулевой тяги;0;1780;0%;OLD
Бокал для вина/Набор бокалов для Gaston Yellow, 130 мл, 6,5х6,5х13 см, цвет жёлтый 6 шт в уп;3560;1780;50%;OLD
Автозапчасть 88572;0;1730;0%;NEW
Автозапчасть FT80580 Датчик АБС  передний Iveco Daily;1795;1705;5%;OLD
Фонарь автомобильный;0;1680;0%;NEW
Игра настольная Золото императора;3345;1672;50%;OLD
Наконечники рулевой тяги;0;1668;0%;NEW
Зеркало автомобильное;0;1657;0%;NEW
Автозапчасть 81087;0;1654;0%;NEW
Автозапчасть;0;1611;0%;OLD
Тяги рулевые;0;1589;0%;NEW
Елка / Ель настольная 40см;3174;1587;50%;NEW
Автозапчасть;0;1576;0%;OLD
Автозапчасть 91951;0;1562;0%;NEW
Автозапчасть FT95600 ШИНА ДВЕРИ MERCEDES SPRINTER 95) 901-905;0;1517;0%;OLD
Комплект ГРМ;0;1516;0%;OLD
Зеркало автомобильное;0;1513;0%;NEW
Автозапчасть;0;1482;0%;OLD
Комплект ГРМ 8409910008;0;1481;0%;OLD
Автозапчасть;0;1410;0%;OLD
Автозапчасть FT18398 Прокладка стрем ресс. двухлист(прокл+болт);0;1408;0%;OLD
Тяги рулевые;0;1405;0%;NEW
Шаровые опоры 8708809909;0;1389;0%;OLD
Автозапчасть 94541;0;1387;0%;NEW
Автозапчасть 13339;0;1373;0%;NEW
Сайлентблоки;0;1370;0%;NEW
Автозапчасть 69180;0;1364;0%;NEW
Свеча зажигания 82706;0;1326;0%;NEW
Автозапчасть 94162;0;1318;0%;NEW
Автозапчасть FT61375 ТРУБА СИСТ. ОХЛАЖДЕНИЯ FIAT DUCATO 06);0;1287;0%;OLD
Автозапчасть 32434;0;1281;0%;NEW
Фильтр топливный;0;1277;0%;NEW
Бокал;2520;1260;50%;OLD
Автозапчасть 59207;0;1248;0%;NEW
Автозапчасть 95366;0;1222;0%;NEW
Автозапчасть 61742;0;1217;0%;NEW
Фильтр салонный;0;1211;0%;NEW
Автозапчасть;0;1196;0%;OLD
Автозапчасть;0;1162;0%;OLD
Развивающая игра Лото Транспорт;2295;1147;50%;OLD
Автозапчасть FT95361 Ответная часть замков распашных и сдвижной;0;1143;0%;OLD
Электрогирлянда Серебряные нити - 10 м 100 светодиодов;2268;1134;50%;NEW
Сайлентблоки;0;1084;0%;OLD
Елка искусственная в мешке высота 30 см;2126;1063;50%;NEW
Автозапчасть FT13335 СТРЕМЯНКА РЕСОРА IVECO DAILY 00) 29L/35S;0;1032;0%;OLD
Настольная игра для детей и взрослых Бам-бум падающая башня;2145;1072;50%;OLD
Автозапчасть;0;1023;0%;OLD
Автозапчасть 95437;0;999;0%;NEW
Игра Ктояжка Зимняя;1995;997;50%;OLD
Игра настольная Игра-угадайка Чётотама;1995;997;50%;OLD
Автозапчасть;0;996;0%;OLD
Пыльник автомобильный;0;983;0%;OLD
Пирамидка Геометрическая фантазия / настольная игра, детали: 3 х 3 см;1925;962;50%;OLD
Автозапчасть;0;956;0%;OLD
Автозапчасть;0;950;0%;OLD
Пыльник автомобильный;0;935;0%;NEW
Автозапчасть FT95535 РОЛИК КАРЕТКИ ДВЕРИ RENAULT MASTER 98) БОК;0;935;0%;OLD
Автозапчасть 21517;0;923;0%;NEW
Игра настольная Дублик-фотик Животные 60 карточек;1795;897;50%;OLD
Автозапчасть 95209;0;885;0%;NEW
Глушитель;0;862;0%;NEW
Автозапчасть;0;850;0%;OLD
Автозапчасть 13062;0;831;0%;NEW
Автозапчасть FT95208 УПОР ЗАМКА FIAT DUCATO 06) БОК Л/П ПЕРЕД;0;800;0%;OLD
Автозапчасть FT20053 ОТБОЙНИК ПОДВЕСКИ IVECO DAILY 06) ПЕРЕД;0;756;0%;OLD
Игра настольная ходилка викторина 500 вопросов Где Что Когда;1495;747;50%;OLD
Автозапчасть;0;741;0%;OLD
Автозапчасть 18450;0;735;0%;NEW
Автозапчасть FT96302 ЗАЩЕЛКА FIAT DUCATO 06)/ 14) КРЫШКА;0;715;0%;OLD
Автозапчасть 18141;0;709;0%;NEW
Стойки стабилизатора;0;697;0%;NEW
Автозапчасть 95405;0;679;0%;NEW
Одноразовая посуда 19 шт.;1260;441;65%;OLD
Ботинки;0;11990;0%;OLD
Выпрямитель волос HTI-65 / 230 C°;5500;2750;50%;OLD
Ролик сдвижной двери нижний;1310;812;38%;OLD
